,Accuracy,Precision,Recall,F1
LogisticRegression,0.9166666666666666,0.8235294117647058,1.0,0.9032258064516129
KNeighborsClassifier,0.6944444444444444,0.6666666666666666,0.42857142857142855,0.5217391304347826
SVC,0.6111111111111112,0.0,0.0,0.0
DecisionTreeClassifier,0.6944444444444444,0.6666666666666666,0.42857142857142855,0.5217391304347826
